epoch,lr,time,loss
0,0.0001,01:17:13,2.738476554247049
0,3.25e-05,01:17:48,2.387749145581172
